,,,,,,,,,,,,,,,,,,,,,,,,,
,,,,,,LeetCode,,,,,,,,Copyrighted,,,,CyberSecEval,,,,,,,
,,,,Split A,,,,Split B,,,,Split A,,,,split B,,,,split A,,,,Split b,
,,0,2,4,6,0,2,4,6,0,2,4,6,0,2,4,6,0,2,4,6,0,2,4,6
,GA,0,0,0,0,0,0,0,0,0.054,0.072,0.078,0.081,0,0,0,0,0.000,0.000,0.133,0.356,0.000,0.000,0.000,0.000
,GD,0.038,0.34,0.387,0.566,0.005,0.574,0.644,0.663,0.188,0.206,0.259,0.231,0.065,0.107,0.16,0.158,0.800,0.778,0.889,0.911,0.066,0.703,0.846,0.868
,NPO,0,0.113,0.283,0.708,0,0.673,0.848,0.872,0.157,0.208,0.198,0.22,0,0.011,0.025,0.044,0.889,0.978,0.956,0.956,0.011,0.637,0.824,0.802
QWEN,DPO,0,0.358,0.726,0.726,0,0.697,0.867,0.839,0.313,0.291,0.334,0.348,0.079,0.183,0.275,0.242,1.000,1.000,1.000,1.000,0.516,0.934,0.956,0.956
,SIMPNO,0,0,0.028,0.075,0,0,0,0,0.058,0.066,0.073,0.082,0,0,0,0,0.000,0.000,0.111,0.356,0.000,0.000,0.000,0.000
,CodeEraser,0,0.33,0.585,0.547,0,0.649,0.735,0.739,0.337,0.345,0.338,0.343,0.153,0.22,0.239,0.244,0.667,0.667,0.689,0.733,0.121,0.308,0.494,0.516
,PROD,0,0.774,0.783,0.783,0,0.844,0.848,0.829,0.007,0.009,0.075,0.159,0.001,0.065,0.118,0.136,0.333,0.556,0.778,0.756,0.220,0.483,0.637,0.703
,SLICE,0.481,0.651,0.736,0.755,0.507,0.768,0.806,0.796,0.101,0.112,0.149,0.145,0.017,0.131,0.242,0.254,0.778,0.800,0.800,0.711,0.791,0.813,0.835,0.835
,GA,0,0,0,0,0,0,0,0,0.218,0.250,0.225,0.238,0.124,0.173,0.168,0.169,0,0.091,0.295,0.409,0,0,0,0
,GD,0.338,0.062,0.725,0.688,0.168,0.64,0.708,0.714,0.293,0.330,0.315,0.340,0.342,0.309,0.307,0.284,0.614,0.614,0.636,0.591,0.31,0.678,0.782,0.782
,NPO,0.163,0,0.812,0.787,0.031,0.311,0.832,0.851,0.353,0.363,0.361,0.370,0.370,0.407,0.413,0.446,0.773,0.864,0.886,0.886,0.115,0.678,0.793,0.828
DeepSeek,DPO,0,0,0.787,0.838,0,0.807,0.845,0.814,0.271,0.238,0.264,0.258,0.230,0.274,0.305,0.311,0.682,0.75,0.795,0.841,0.425,0.782,0.908,0.897
,SIMPNO,0,0,0,0,0,0,0,0,0.227,0.196,0.224,0.254,0.128,0.157,0.171,0.193,0,0,0,0,0,0,0,0
,CodeEraser,0.013,0.625,0.675,0.65,0,0.627,0.783,0.745,0.477,0.448,0.451,0.477,0.383,0.442,0.439,0.444,0.455,0.5,0.545,0.591,0.287,0.506,0.609,0.563
,PROD,0,0.8,0.875,0.838,0,0.82,0.839,0.789,0.094,0.158,0.203,0.170,0.048,0.132,0.228,0.214,0.409,0.636,0.727,0.727,0.264,0.736,0.851,0.919
,SLICE,0.613,0.725,0.762,0.775,0.410,0.764,0.783,0.801,0.190,0.245,0.235,0.294,0.064,0.244,0.302,0.307,0.886,0.841,0.841,0.886,0.816,0.919,0.943,0.885
,GA,0,0,0,0,0,0,0,0,0.000,0.000,0.000,0.000,0.000,0.000,0.000,0.000,0,0,0,0,0,0,0,0
,GD,0.308,0.269,0.308,0.385,0,0,0.462,0.462,0.049,0.087,0.148,0.176,0.000,0.092,0.114,0.121,0.783,0.87,0.87,0.87,0.098,0.696,0.783,0.804
,NPO,0,0.077,0,0.462,0,0,0.25,0.481,0.326,0.382,0.439,0.470,0.113,0.393,0.442,0.448,0.978,1,1,1,0.304,0.967,0.989,1
CodeLLama,DPO,0,0,0.423,0.538,0,0.519,0.635,0.635,0.283,0.349,0.379,0.407,0.144,0.418,0.448,0.449,0.891,0.913,0.957,0.957,0.87,0.978,0.989,0.989
,SIMPNO,0,0,0,0,0,0,0,0,0.000,0.000,0.000,0.028,0.000,0.000,0.010,0.032,0,0,0,0,0,0,0,0
,CodeEraser,0.346,0.615,0.538,0.615,0,0.385,0.481,0.481,0.151,0.222,0.299,0.330,0.021,0.205,0.209,0.241,0.543,0.587,0.587,0.652,0.043,0.272,0.424,0.511
,PROD,0.038,0.308,0.577,0.538,0,0.692,0.712,0.615,0.004,0.084,0.171,0.195,0.001,0.124,0.150,0.154,0.457,0.87,0.957,0.978,0.109,0.674,0.87,0.891
,SLICE,0.385,0.346,0.385,0.385,0.288,0.462,0.481,0.481,0.136,0.180,0.225,0.233,0.060,0.195,0.204,0.234,0.783,0.804,0.848,0.826,0.75,0.891,0.902,0.924